{
    "parent": "item/generated",
    "textures": {
        "layer0": "item/elytra"
    },
    "overrides": [
        {
            "predicate": {
                "broken": 1
            },
            "model": "item/broken_elytra"
        },
        {
            "predicate": {
                "custom_model_data": 1
            },
            "model": "item/elytra"
        },
        {
            "predicate": {
                "custom_model_data": 2
            },
            "model": "elytra_chestplates:item/golden_elytra"
        },
        {
            "predicate": {
                "custom_model_data": 3
            },
            "model": "elytra_chestplates:item/chainmail_elytra"
        },
        {
            "predicate": {
                "custom_model_data": 4
            },
            "model": "elytra_chestplates:item/iron_elytra"
        },
        {
            "predicate": {
                "custom_model_data": 5
            },
            "model": "elytra_chestplates:item/diamond_elytra"
        },
        {
            "predicate": {
                "custom_model_data": 6
            },
            "model": "elytra_chestplates:item/netherite_elytra"
        },
        {
            "predicate": {
                "custom_model_data": 1,
                "broken": 1
            },
            "model": "item/broken_elytra"
        },
        {
            "predicate": {
                "custom_model_data": 2,
                "broken": 1
            },
            "model": "elytra_chestplates:item/broken/golden_elytra"
        },
        {
            "predicate": {
                "custom_model_data": 3,
                "broken": 1
            },
            "model": "elytra_chestplates:item/broken/chainmail_elytra"
        },
        {
            "predicate": {
                "custom_model_data": 4,
                "broken": 1
            },
            "model": "elytra_chestplates:item/broken/iron_elytra"
        },
        {
            "predicate": {
                "custom_model_data": 5,
                "broken": 1
            },
            "model": "elytra_chestplates:item/broken/diamond_elytra"
        },
        {
            "predicate": {
                "custom_model_data": 6,
                "broken": 1
            },
            "model": "elytra_chestplates:item/broken/netherite_elytra"
        }

    ]
}
